Model,Precision Level 0,Recall Level 0,F1 Level 0,Precision Level 1,Recall Level 1,F1 Level 1,Precision Level 2,Recall Level 2,F1 Level 2,Label Precision Level 0,Label Recall Level 0,Label F1 Level 0,Label Precision Level 1,Label Recall Level 1,Label F1 Level 1,Label Precision Level 2,Label Recall Level 2,Label F1 Level 2
Gemma-Instruct,0.5638041556145004,0.7753820401660819,0.6158520400368093,0.5061118479221927,0.3389802845345571,0.37726594750366116,0.2483974358974359,0.3389802845345571,0.2726746986062639,1.0,1.0,1.0,0.7916666666666666,1.0,0.8666666666666667,0.2895833333333333,0.8333333333333334,0.42045454545454547
LLaMA3-Instruct,0.5,1.0,0.6666666666666666,0.5,0.5,0.5,0.5,0.5,0.5,1.0,1.0,1.0,1.0,1.0,1.0,1.0,1.0,1.0
Mistral-Instruct,0.4014497341437887,0.8944805194805194,0.5367772636176888,0.2975484602584384,0.41764069264069265,0.3228938996567744,0.196825152474783,0.3231756338899196,0.22037400859251588,1.0,1.0,1.0,0.6666666666666666,1.0,0.7833333333333332,0.5416666666666666,0.9375,0.657051282051282
